{
  "backup_db.py": 1777681687.0210092,
  "customize.js": 1777384484.0624392,
  "dashboard-phase2.js": 1777682713.8800905,
  "db.py": 1777682085.200493,
  "fan_gpio.py": 1777392151.7384481,
  "load_cell_hx711.py": 1777384484.0919476,
  "sensors.py": 1777682336.079627,
  "server.py": 1777682742.0463414,
  "WriteSensors.py": 1777744820.4278438,
  "archive\\calibrate_sht30.py": 1777384689.4738524,
  "archive\\historian.py": 1777384689.4743524,
  "archive\\max31850_read.py": 1777384689.4748523,
  "archive\\mock_server.py": 1777384689.4753501,
  "archive\\test_hardware.py": 1777384689.476349,
  "scripts\\identify_tcs.py": 1777471953.220221,
  "CLAUDE.md": 1777754195.0821514,
  "CONTROLS.txt": 1777471974.7879035,
  "README.md": 1777754125.716812,
  "requirements.txt": 1777744400.202811,
  "graphify-out\\GRAPH_REPORT.md": 1777754653.3693855,
  "images\\VoidSakeLogo.jpg": 1775712098.224241
}